{"name":"MLS_MacOS","targetUrl":"http://mb11.info/chapp","counter":false,"bounce":false,"width":400,"height":615,"maxWidth":400,"maxHeight":615,"showMenuBar":false,"fastQuit":false,"userAgent":"Mozilla/5.0 (Macintosh; Intel Mac OS X 10_12_5) AppleWebKit/537.36 (KHTML, like Gecko) Chrome/66.0.3359.181 Safari/537.36","nativefierVersion":"7.6.8","ignoreCertificate":false,"disableGpu":false,"ignoreGpuBlacklist":false,"enableEs3Apis":false,"insecure":false,"flashPluginDir":null,"diskCacheSize":null,"fullScreen":false,"maximize":false,"zoom":1,"internalUrls":null,"singleInstance":false,"win32metadata":{"ProductName":"MLS_MacOS","InternalName":"MLS_MacOS","FileDescription":"MLS_MacOS"},"tray":false,"basicAuthUsername":null,"basicAuthPassword":null,"alwaysOnTop":false,"titleBarStyle":null}